source name	characteristics[organism]	characteristics[organism part]	characteristics[disease]	characteristics[age]	characteristics[sex]	characteristics[biological replicate]	characteristics[sample type]	characteristics[sample matrix]	assay name	technology type	comment[technical replicate]	comment[data file]	comment[file uri]	comment[platform]	comment[quantification unit]	comment[plate]	comment[normalization method]	comment[olink panel]	comment[olink platform]	comment[npx normalization]	comment[olink lot number]	comment[sdrf template]	comment[sdrf template]	comment[sdrf template]	comment[sdrf version]	comment[sdrf annotation tool]
PAD000006-S105	Homo sapiens	Blood plasma	Lung adenocarcinoma	not available	not available	1	not applicable	blood plasma	PAD000006-r00001-S105	protein expression profiling by antibody array	1	VB-3207.npx.csv	ftp://ftp.pride.ebi.ac.uk/pride/data/archive/2025/11/PAD000006/VB-3207.npx.csv	Olink Target 96	NPX	Run123	Intensity	Cardiometabolic; Cardiometabolic_II; Inflammation; Inflammation_II; Neurology; Neurology_II; Oncology; Oncology_II	Olink Target 96	intensity normalized	B20707	NT=affinity-proteomics;VV=v1.0.0	NT=human;VV=v1.1.0	NT=olink;VV=v1.0.0	v1.1.0	NT=sdrf-skills-autoresearch;VV=v0.0.0
PAD000006-S072	Homo sapiens	Blood plasma	Lung adenocarcinoma	not available	not available	2	not applicable	blood plasma	PAD000006-r00002-S072	protein expression profiling by antibody array	1	VB-3207.npx.csv	ftp://ftp.pride.ebi.ac.uk/pride/data/archive/2025/11/PAD000006/VB-3207.npx.csv	Olink Target 96	NPX	Run123	Intensity	Cardiometabolic; Cardiometabolic_II; Inflammation; Inflammation_II; Neurology; Neurology_II; Oncology; Oncology_II	Olink Target 96	intensity normalized	B20707	NT=affinity-proteomics;VV=v1.0.0	NT=human;VV=v1.1.0	NT=olink;VV=v1.0.0	v1.1.0	NT=sdrf-skills-autoresearch;VV=v0.0.0
PAD000006-S032	Homo sapiens	Blood plasma	Lung adenocarcinoma	not available	not available	3	not applicable	blood plasma	PAD000006-r00003-S032	protein expression profiling by antibody array	1	VB-3207.npx.csv	ftp://ftp.pride.ebi.ac.uk/pride/data/archive/2025/11/PAD000006/VB-3207.npx.csv	Olink Target 96	NPX	Run123	Intensity	Cardiometabolic; Cardiometabolic_II; Inflammation; Inflammation_II; Neurology; Neurology_II; Oncology; Oncology_II	Olink Target 96	intensity normalized	B20707	NT=affinity-proteomics;VV=v1.0.0	NT=human;VV=v1.1.0	NT=olink;VV=v1.0.0	v1.1.0	NT=sdrf-skills-autoresearch;VV=v0.0.0
PAD000006-S107	Homo sapiens	Blood plasma	Lung adenocarcinoma	not available	not available	4	not applicable	blood plasma	PAD000006-r00004-S107	protein expression profiling by antibody array	1	VB-3207.npx.csv	ftp://ftp.pride.ebi.ac.uk/pride/data/archive/2025/11/PAD000006/VB-3207.npx.csv	Olink Target 96	NPX	Run123	Intensity	Cardiometabolic; Cardiometabolic_II; Inflammation; Inflammation_II; Neurology; Neurology_II; Oncology; Oncology_II	Olink Target 96	intensity normalized	B20707	NT=affinity-proteomics;VV=v1.0.0	NT=human;VV=v1.1.0	NT=olink;VV=v1.0.0	v1.1.0	NT=sdrf-skills-autoresearch;VV=v0.0.0
PAD000006-S060	Homo sapiens	Blood plasma	Lung adenocarcinoma	not available	not available	5	not applicable	blood plasma	PAD000006-r00005-S060	protein expression profiling by antibody array	1	VB-3207.npx.csv	ftp://ftp.pride.ebi.ac.uk/pride/data/archive/2025/11/PAD000006/VB-3207.npx.csv	Olink Target 96	NPX	Run123	Intensity	Cardiometabolic; Cardiometabolic_II; Inflammation; Inflammation_II; Neurology; Neurology_II; Oncology; Oncology_II	Olink Target 96	intensity normalized	B20707	NT=affinity-proteomics;VV=v1.0.0	NT=human;VV=v1.1.0	NT=olink;VV=v1.0.0	v1.1.0	NT=sdrf-skills-autoresearch;VV=v0.0.0
PAD000006-S070	Homo sapiens	Blood plasma	Lung adenocarcinoma	not available	not available	6	not applicable	blood plasma	PAD000006-r00006-S070	protein expression profiling by antibody array	1	VB-3207.npx.csv	ftp://ftp.pride.ebi.ac.uk/pride/data/archive/2025/11/PAD000006/VB-3207.npx.csv	Olink Target 96	NPX	Run123	Intensity	Cardiometabolic; Cardiometabolic_II; Inflammation; Inflammation_II; Neurology; Neurology_II; Oncology; Oncology_II	Olink Target 96	intensity normalized	B20707	NT=affinity-proteomics;VV=v1.0.0	NT=human;VV=v1.1.0	NT=olink;VV=v1.0.0	v1.1.0	NT=sdrf-skills-autoresearch;VV=v0.0.0
PAD000006-S029	Homo sapiens	Blood plasma	Lung adenocarcinoma	not available	not available	7	not applicable	blood plasma	PAD000006-r00007-S029	protein expression profiling by antibody array	1	VB-3207.npx.csv	ftp://ftp.pride.ebi.ac.uk/pride/data/archive/2025/11/PAD000006/VB-3207.npx.csv	Olink Target 96	NPX	Run123	Intensity	Cardiometabolic; Cardiometabolic_II; Inflammation; Inflammation_II; Neurology; Neurology_II; Oncology; Oncology_II	Olink Target 96	intensity normalized	B20707	NT=affinity-proteomics;VV=v1.0.0	NT=human;VV=v1.1.0	NT=olink;VV=v1.0.0	v1.1.0	NT=sdrf-skills-autoresearch;VV=v0.0.0
PAD000006-S084	Homo sapiens	Blood plasma	Lung adenocarcinoma	not available	not available	8	not applicable	blood plasma	PAD000006-r00008-S084	protein expression profiling by antibody array	1	VB-3207.npx.csv	ftp://ftp.pride.ebi.ac.uk/pride/data/archive/2025/11/PAD000006/VB-3207.npx.csv	Olink Target 96	NPX	Run123	Intensity	Cardiometabolic; Cardiometabolic_II; Inflammation; Inflammation_II; Neurology; Neurology_II; Oncology; Oncology_II	Olink Target 96	intensity normalized	B20707	NT=affinity-proteomics;VV=v1.0.0	NT=human;VV=v1.1.0	NT=olink;VV=v1.0.0	v1.1.0	NT=sdrf-skills-autoresearch;VV=v0.0.0
PAD000006-S036	Homo sapiens	Blood plasma	Lung adenocarcinoma	not available	not available	9	not applicable	blood plasma	PAD000006-r00009-S036	protein expression profiling by antibody array	1	VB-3207.npx.csv	ftp://ftp.pride.ebi.ac.uk/pride/data/archive/2025/11/PAD000006/VB-3207.npx.csv	Olink Target 96	NPX	Run123	Intensity	Cardiometabolic; Cardiometabolic_II; Inflammation; Inflammation_II; Neurology; Neurology_II; Oncology; Oncology_II	Olink Target 96	intensity normalized	B20707	NT=affinity-proteomics;VV=v1.0.0	NT=human;VV=v1.1.0	NT=olink;VV=v1.0.0	v1.1.0	NT=sdrf-skills-autoresearch;VV=v0.0.0
PAD000006-S023	Homo sapiens	Blood plasma	Lung adenocarcinoma	not available	not available	10	not applicable	blood plasma	PAD000006-r00010-S023	protein expression profiling by antibody array	1	VB-3207.npx.csv	ftp://ftp.pride.ebi.ac.uk/pride/data/archive/2025/11/PAD000006/VB-3207.npx.csv	Olink Target 96	NPX	Run123	Intensity	Cardiometabolic; Cardiometabolic_II; Inflammation; Inflammation_II; Neurology; Neurology_II; Oncology; Oncology_II	Olink Target 96	intensity normalized	B20707	NT=affinity-proteomics;VV=v1.0.0	NT=human;VV=v1.1.0	NT=olink;VV=v1.0.0	v1.1.0	NT=sdrf-skills-autoresearch;VV=v0.0.0
PAD000006-S051	Homo sapiens	Blood plasma	Lung adenocarcinoma	not available	not available	11	not applicable	blood plasma	PAD000006-r00011-S051	protein expression profiling by antibody array	1	VB-3207.npx.csv	ftp://ftp.pride.ebi.ac.uk/pride/data/archive/2025/11/PAD000006/VB-3207.npx.csv	Olink Target 96	NPX	Run123	Intensity	Cardiometabolic; Cardiometabolic_II; Inflammation; Inflammation_II; Neurology; Neurology_II; Oncology; Oncology_II	Olink Target 96	intensity normalized	B20707	NT=affinity-proteomics;VV=v1.0.0	NT=human;VV=v1.1.0	NT=olink;VV=v1.0.0	v1.1.0	NT=sdrf-skills-autoresearch;VV=v0.0.0
PAD000006-Control_1_Run123	Homo sapiens	Blood plasma	Lung adenocarcinoma	not available	not available	12	not applicable	blood plasma	PAD000006-r00012-Control_1_Run123	protein expression profiling by antibody array	1	VB-3207.npx.csv	ftp://ftp.pride.ebi.ac.uk/pride/data/archive/2025/11/PAD000006/VB-3207.npx.csv	Olink Target 96	NPX	Run123	Intensity	Cardiometabolic_II; Inflammation_II; Neurology_II; Oncology_II	Olink Target 96	intensity normalized	B20707	NT=affinity-proteomics;VV=v1.0.0	NT=human;VV=v1.1.0	NT=olink;VV=v1.0.0	v1.1.0	NT=sdrf-skills-autoresearch;VV=v0.0.0
PAD000006-S091	Homo sapiens	Blood plasma	Lung adenocarcinoma	not available	not available	13	not applicable	blood plasma	PAD000006-r00013-S091	protein expression profiling by antibody array	1	VB-3207.npx.csv	ftp://ftp.pride.ebi.ac.uk/pride/data/archive/2025/11/PAD000006/VB-3207.npx.csv	Olink Target 96	NPX	Run123	Intensity	Cardiometabolic; Cardiometabolic_II; Inflammation; Inflammation_II; Neurology; Neurology_II; Oncology; Oncology_II	Olink Target 96	intensity normalized	B20707	NT=affinity-proteomics;VV=v1.0.0	NT=human;VV=v1.1.0	NT=olink;VV=v1.0.0	v1.1.0	NT=sdrf-skills-autoresearch;VV=v0.0.0
PAD000006-S047	Homo sapiens	Blood plasma	Lung adenocarcinoma	not available	not available	14	not applicable	blood plasma	PAD000006-r00014-S047	protein expression profiling by antibody array	1	VB-3207.npx.csv	ftp://ftp.pride.ebi.ac.uk/pride/data/archive/2025/11/PAD000006/VB-3207.npx.csv	Olink Target 96	NPX	Run123	Intensity	Cardiometabolic; Cardiometabolic_II; Inflammation; Inflammation_II; Neurology; Neurology_II; Oncology; Oncology_II	Olink Target 96	intensity normalized	B20707	NT=affinity-proteomics;VV=v1.0.0	NT=human;VV=v1.1.0	NT=olink;VV=v1.0.0	v1.1.0	NT=sdrf-skills-autoresearch;VV=v0.0.0
PAD000006-S014	Homo sapiens	Blood plasma	Lung adenocarcinoma	not available	not available	15	not applicable	blood plasma	PAD000006-r00015-S014	protein expression profiling by antibody array	1	VB-3207.npx.csv	ftp://ftp.pride.ebi.ac.uk/pride/data/archive/2025/11/PAD000006/VB-3207.npx.csv	Olink Target 96	NPX	Run123	Intensity	Cardiometabolic; Cardiometabolic_II; Inflammation; Inflammation_II; Neurology; Neurology_II; Oncology; Oncology_II	Olink Target 96	intensity normalized	B20707	NT=affinity-proteomics;VV=v1.0.0	NT=human;VV=v1.1.0	NT=olink;VV=v1.0.0	v1.1.0	NT=sdrf-skills-autoresearch;VV=v0.0.0
PAD000006-S100	Homo sapiens	Blood plasma	Lung adenocarcinoma	not available	not available	16	not applicable	blood plasma	PAD000006-r00016-S100	protein expression profiling by antibody array	1	VB-3207.npx.csv	ftp://ftp.pride.ebi.ac.uk/pride/data/archive/2025/11/PAD000006/VB-3207.npx.csv	Olink Target 96	NPX	Run123	Intensity	Cardiometabolic; Cardiometabolic_II; Inflammation; Inflammation_II; Neurology; Neurology_II; Oncology; Oncology_II	Olink Target 96	intensity normalized	B20707	NT=affinity-proteomics;VV=v1.0.0	NT=human;VV=v1.1.0	NT=olink;VV=v1.0.0	v1.1.0	NT=sdrf-skills-autoresearch;VV=v0.0.0
PAD000006-S008	Homo sapiens	Blood plasma	Lung adenocarcinoma	not available	not available	17	not applicable	blood plasma	PAD000006-r00017-S008	protein expression profiling by antibody array	1	VB-3207.npx.csv	ftp://ftp.pride.ebi.ac.uk/pride/data/archive/2025/11/PAD000006/VB-3207.npx.csv	Olink Target 96	NPX	Run123	Intensity	Cardiometabolic; Cardiometabolic_II; Inflammation; Inflammation_II; Neurology; Neurology_II; Oncology; Oncology_II	Olink Target 96	intensity normalized	B20707	NT=affinity-proteomics;VV=v1.0.0	NT=human;VV=v1.1.0	NT=olink;VV=v1.0.0	v1.1.0	NT=sdrf-skills-autoresearch;VV=v0.0.0
PAD000006-S090	Homo sapiens	Blood plasma	Lung adenocarcinoma	not available	not available	18	not applicable	blood plasma	PAD000006-r00018-S090	protein expression profiling by antibody array	1	VB-3207.npx.csv	ftp://ftp.pride.ebi.ac.uk/pride/data/archive/2025/11/PAD000006/VB-3207.npx.csv	Olink Target 96	NPX	Run123	Intensity	Cardiometabolic; Cardiometabolic_II; Inflammation; Inflammation_II; Neurology; Neurology_II; Oncology; Oncology_II	Olink Target 96	intensity normalized	B20707	NT=affinity-proteomics;VV=v1.0.0	NT=human;VV=v1.1.0	NT=olink;VV=v1.0.0	v1.1.0	NT=sdrf-skills-autoresearch;VV=v0.0.0
PAD000006-S114	Homo sapiens	Blood plasma	Lung adenocarcinoma	not available	not available	19	not applicable	blood plasma	PAD000006-r00019-S114	protein expression profiling by antibody array	1	VB-3207.npx.csv	ftp://ftp.pride.ebi.ac.uk/pride/data/archive/2025/11/PAD000006/VB-3207.npx.csv	Olink Target 96	NPX	Run123	Intensity	Cardiometabolic; Cardiometabolic_II; Inflammation; Inflammation_II; Neurology; Neurology_II; Oncology; Oncology_II	Olink Target 96	intensity normalized	B20707	NT=affinity-proteomics;VV=v1.0.0	NT=human;VV=v1.1.0	NT=olink;VV=v1.0.0	v1.1.0	NT=sdrf-skills-autoresearch;VV=v0.0.0
PAD000006-S050	Homo sapiens	Blood plasma	Lung adenocarcinoma	not available	not available	20	not applicable	blood plasma	PAD000006-r00020-S050	protein expression profiling by antibody array	1	VB-3207.npx.csv	ftp://ftp.pride.ebi.ac.uk/pride/data/archive/2025/11/PAD000006/VB-3207.npx.csv	Olink Target 96	NPX	Run123	Intensity	Cardiometabolic; Cardiometabolic_II; Inflammation; Inflammation_II; Neurology; Neurology_II; Oncology; Oncology_II	Olink Target 96	intensity normalized	B20707	NT=affinity-proteomics;VV=v1.0.0	NT=human;VV=v1.1.0	NT=olink;VV=v1.0.0	v1.1.0	NT=sdrf-skills-autoresearch;VV=v0.0.0
PAD000006-S071	Homo sapiens	Blood plasma	Lung adenocarcinoma	not available	not available	21	not applicable	blood plasma	PAD000006-r00021-S071	protein expression profiling by antibody array	1	VB-3207.npx.csv	ftp://ftp.pride.ebi.ac.uk/pride/data/archive/2025/11/PAD000006/VB-3207.npx.csv	Olink Target 96	NPX	Run123	Intensity	Cardiometabolic; Cardiometabolic_II; Inflammation; Inflammation_II; Neurology; Neurology_II; Oncology; Oncology_II	Olink Target 96	intensity normalized	B20707	NT=affinity-proteomics;VV=v1.0.0	NT=human;VV=v1.1.0	NT=olink;VV=v1.0.0	v1.1.0	NT=sdrf-skills-autoresearch;VV=v0.0.0
PAD000006-S027	Homo sapiens	Blood plasma	Lung adenocarcinoma	not available	not available	22	not applicable	blood plasma	PAD000006-r00022-S027	protein expression profiling by antibody array	1	VB-3207.npx.csv	ftp://ftp.pride.ebi.ac.uk/pride/data/archive/2025/11/PAD000006/VB-3207.npx.csv	Olink Target 96	NPX	Run123	Intensity	Cardiometabolic; Cardiometabolic_II; Inflammation; Inflammation_II; Neurology; Neurology_II; Oncology; Oncology_II	Olink Target 96	intensity normalized	B20707	NT=affinity-proteomics;VV=v1.0.0	NT=human;VV=v1.1.0	NT=olink;VV=v1.0.0	v1.1.0	NT=sdrf-skills-autoresearch;VV=v0.0.0
PAD000006-S042	Homo sapiens	Blood plasma	Lung adenocarcinoma	not available	not available	23	not applicable	blood plasma	PAD000006-r00023-S042	protein expression profiling by antibody array	1	VB-3207.npx.csv	ftp://ftp.pride.ebi.ac.uk/pride/data/archive/2025/11/PAD000006/VB-3207.npx.csv	Olink Target 96	NPX	Run123	Intensity	Cardiometabolic; Cardiometabolic_II; Inflammation; Inflammation_II; Neurology; Neurology_II; Oncology; Oncology_II	Olink Target 96	intensity normalized	B20707	NT=affinity-proteomics;VV=v1.0.0	NT=human;VV=v1.1.0	NT=olink;VV=v1.0.0	v1.1.0	NT=sdrf-skills-autoresearch;VV=v0.0.0
PAD000006-Control_2_RUn123	Homo sapiens	Blood plasma	Lung adenocarcinoma	not available	not available	24	not applicable	blood plasma	PAD000006-r00024-Control_2_RUn123	protein expression profiling by antibody array	1	VB-3207.npx.csv	ftp://ftp.pride.ebi.ac.uk/pride/data/archive/2025/11/PAD000006/VB-3207.npx.csv	Olink Target 96	NPX	Run123	Intensity	Cardiometabolic_II; Inflammation_II; Neurology_II; Oncology_II	Olink Target 96	intensity normalized	B20707	NT=affinity-proteomics;VV=v1.0.0	NT=human;VV=v1.1.0	NT=olink;VV=v1.0.0	v1.1.0	NT=sdrf-skills-autoresearch;VV=v0.0.0
PAD000006-S067	Homo sapiens	Blood plasma	Lung adenocarcinoma	not available	not available	25	not applicable	blood plasma	PAD000006-r00025-S067	protein expression profiling by antibody array	1	VB-3207.npx.csv	ftp://ftp.pride.ebi.ac.uk/pride/data/archive/2025/11/PAD000006/VB-3207.npx.csv	Olink Target 96	NPX	Run123	Intensity	Cardiometabolic; Cardiometabolic_II; Inflammation; Inflammation_II; Neurology; Neurology_II; Oncology; Oncology_II	Olink Target 96	intensity normalized	B20707	NT=affinity-proteomics;VV=v1.0.0	NT=human;VV=v1.1.0	NT=olink;VV=v1.0.0	v1.1.0	NT=sdrf-skills-autoresearch;VV=v0.0.0
PAD000006-S002	Homo sapiens	Blood plasma	Lung adenocarcinoma	not available	not available	26	not applicable	blood plasma	PAD000006-r00026-S002	protein expression profiling by antibody array	1	VB-3207.npx.csv	ftp://ftp.pride.ebi.ac.uk/pride/data/archive/2025/11/PAD000006/VB-3207.npx.csv	Olink Target 96	NPX	Run123	Intensity	Cardiometabolic; Cardiometabolic_II; Inflammation; Inflammation_II; Neurology; Neurology_II; Oncology; Oncology_II	Olink Target 96	intensity normalized	B20707	NT=affinity-proteomics;VV=v1.0.0	NT=human;VV=v1.1.0	NT=olink;VV=v1.0.0	v1.1.0	NT=sdrf-skills-autoresearch;VV=v0.0.0
PAD000006-S080	Homo sapiens	Blood plasma	Lung adenocarcinoma	not available	not available	27	not applicable	blood plasma	PAD000006-r00027-S080	protein expression profiling by antibody array	1	VB-3207.npx.csv	ftp://ftp.pride.ebi.ac.uk/pride/data/archive/2025/11/PAD000006/VB-3207.npx.csv	Olink Target 96	NPX	Run123	Intensity	Cardiometabolic; Cardiometabolic_II; Inflammation; Inflammation_II; Neurology; Neurology_II; Oncology; Oncology_II	Olink Target 96	intensity normalized	B20707	NT=affinity-proteomics;VV=v1.0.0	NT=human;VV=v1.1.0	NT=olink;VV=v1.0.0	v1.1.0	NT=sdrf-skills-autoresearch;VV=v0.0.0
PAD000006-S094	Homo sapiens	Blood plasma	Lung adenocarcinoma	not available	not available	28	not applicable	blood plasma	PAD000006-r00028-S094	protein expression profiling by antibody array	1	VB-3207.npx.csv	ftp://ftp.pride.ebi.ac.uk/pride/data/archive/2025/11/PAD000006/VB-3207.npx.csv	Olink Target 96	NPX	Run123	Intensity	Cardiometabolic; Cardiometabolic_II; Inflammation; Inflammation_II; Neurology; Neurology_II; Oncology; Oncology_II	Olink Target 96	intensity normalized	B20707	NT=affinity-proteomics;VV=v1.0.0	NT=human;VV=v1.1.0	NT=olink;VV=v1.0.0	v1.1.0	NT=sdrf-skills-autoresearch;VV=v0.0.0
PAD000006-S095	Homo sapiens	Blood plasma	Lung adenocarcinoma	not available	not available	29	not applicable	blood plasma	PAD000006-r00029-S095	protein expression profiling by antibody array	1	VB-3207.npx.csv	ftp://ftp.pride.ebi.ac.uk/pride/data/archive/2025/11/PAD000006/VB-3207.npx.csv	Olink Target 96	NPX	Run123	Intensity	Cardiometabolic; Cardiometabolic_II; Inflammation; Inflammation_II; Neurology; Neurology_II; Oncology; Oncology_II	Olink Target 96	intensity normalized	B20707	NT=affinity-proteomics;VV=v1.0.0	NT=human;VV=v1.1.0	NT=olink;VV=v1.0.0	v1.1.0	NT=sdrf-skills-autoresearch;VV=v0.0.0
PAD000006-S028	Homo sapiens	Blood plasma	Lung adenocarcinoma	not available	not available	30	not applicable	blood plasma	PAD000006-r00030-S028	protein expression profiling by antibody array	1	VB-3207.npx.csv	ftp://ftp.pride.ebi.ac.uk/pride/data/archive/2025/11/PAD000006/VB-3207.npx.csv	Olink Target 96	NPX	Run123	Intensity	Cardiometabolic; Cardiometabolic_II; Inflammation; Inflammation_II; Neurology; Neurology_II; Oncology; Oncology_II	Olink Target 96	intensity normalized	B20707	NT=affinity-proteomics;VV=v1.0.0	NT=human;VV=v1.1.0	NT=olink;VV=v1.0.0	v1.1.0	NT=sdrf-skills-autoresearch;VV=v0.0.0
PAD000006-S108	Homo sapiens	Blood plasma	Lung adenocarcinoma	not available	not available	31	not applicable	blood plasma	PAD000006-r00031-S108	protein expression profiling by antibody array	1	VB-3207.npx.csv	ftp://ftp.pride.ebi.ac.uk/pride/data/archive/2025/11/PAD000006/VB-3207.npx.csv	Olink Target 96	NPX	Run123	Intensity	Cardiometabolic; Cardiometabolic_II; Inflammation; Inflammation_II; Neurology; Neurology_II; Oncology; Oncology_II	Olink Target 96	intensity normalized	B20707	NT=affinity-proteomics;VV=v1.0.0	NT=human;VV=v1.1.0	NT=olink;VV=v1.0.0	v1.1.0	NT=sdrf-skills-autoresearch;VV=v0.0.0
PAD000006-S101	Homo sapiens	Blood plasma	Lung adenocarcinoma	not available	not available	32	not applicable	blood plasma	PAD000006-r00032-S101	protein expression profiling by antibody array	1	VB-3207.npx.csv	ftp://ftp.pride.ebi.ac.uk/pride/data/archive/2025/11/PAD000006/VB-3207.npx.csv	Olink Target 96	NPX	Run123	Intensity	Cardiometabolic; Cardiometabolic_II; Inflammation; Inflammation_II; Neurology; Neurology_II; Oncology; Oncology_II	Olink Target 96	intensity normalized	B20707	NT=affinity-proteomics;VV=v1.0.0	NT=human;VV=v1.1.0	NT=olink;VV=v1.0.0	v1.1.0	NT=sdrf-skills-autoresearch;VV=v0.0.0
PAD000006-S099	Homo sapiens	Blood plasma	Lung adenocarcinoma	not available	not available	33	not applicable	blood plasma	PAD000006-r00033-S099	protein expression profiling by antibody array	1	VB-3207.npx.csv	ftp://ftp.pride.ebi.ac.uk/pride/data/archive/2025/11/PAD000006/VB-3207.npx.csv	Olink Target 96	NPX	Run123	Intensity	Cardiometabolic; Cardiometabolic_II; Inflammation; Inflammation_II; Neurology; Neurology_II; Oncology; Oncology_II	Olink Target 96	intensity normalized	B20707	NT=affinity-proteomics;VV=v1.0.0	NT=human;VV=v1.1.0	NT=olink;VV=v1.0.0	v1.1.0	NT=sdrf-skills-autoresearch;VV=v0.0.0
PAD000006-S021	Homo sapiens	Blood plasma	Lung adenocarcinoma	not available	not available	34	not applicable	blood plasma	PAD000006-r00034-S021	protein expression profiling by antibody array	1	VB-3207.npx.csv	ftp://ftp.pride.ebi.ac.uk/pride/data/archive/2025/11/PAD000006/VB-3207.npx.csv	Olink Target 96	NPX	Run123	Intensity	Cardiometabolic; Cardiometabolic_II; Inflammation; Inflammation_II; Neurology; Neurology_II; Oncology; Oncology_II	Olink Target 96	intensity normalized	B20707	NT=affinity-proteomics;VV=v1.0.0	NT=human;VV=v1.1.0	NT=olink;VV=v1.0.0	v1.1.0	NT=sdrf-skills-autoresearch;VV=v0.0.0
PAD000006-S035	Homo sapiens	Blood plasma	Lung adenocarcinoma	not available	not available	35	not applicable	blood plasma	PAD000006-r00035-S035	protein expression profiling by antibody array	1	VB-3207.npx.csv	ftp://ftp.pride.ebi.ac.uk/pride/data/archive/2025/11/PAD000006/VB-3207.npx.csv	Olink Target 96	NPX	Run123	Intensity	Cardiometabolic; Cardiometabolic_II; Inflammation; Inflammation_II; Neurology; Neurology_II; Oncology; Oncology_II	Olink Target 96	intensity normalized	B20707	NT=affinity-proteomics;VV=v1.0.0	NT=human;VV=v1.1.0	NT=olink;VV=v1.0.0	v1.1.0	NT=sdrf-skills-autoresearch;VV=v0.0.0
PAD000006-S109	Homo sapiens	Blood plasma	Lung adenocarcinoma	not available	not available	36	not applicable	blood plasma	PAD000006-r00036-S109	protein expression profiling by antibody array	1	VB-3207.npx.csv	ftp://ftp.pride.ebi.ac.uk/pride/data/archive/2025/11/PAD000006/VB-3207.npx.csv	Olink Target 96	NPX	Run123	Intensity	Cardiometabolic; Cardiometabolic_II; Inflammation; Inflammation_II; Neurology; Neurology_II; Oncology; Oncology_II	Olink Target 96	intensity normalized	B20707	NT=affinity-proteomics;VV=v1.0.0	NT=human;VV=v1.1.0	NT=olink;VV=v1.0.0	v1.1.0	NT=sdrf-skills-autoresearch;VV=v0.0.0
PAD000006-S081	Homo sapiens	Blood plasma	Lung adenocarcinoma	not available	not available	37	not applicable	blood plasma	PAD000006-r00037-S081	protein expression profiling by antibody array	1	VB-3207.npx.csv	ftp://ftp.pride.ebi.ac.uk/pride/data/archive/2025/11/PAD000006/VB-3207.npx.csv	Olink Target 96	NPX	Run123	Intensity	Cardiometabolic; Cardiometabolic_II; Inflammation; Inflammation_II; Neurology; Neurology_II; Oncology; Oncology_II	Olink Target 96	intensity normalized	B20707	NT=affinity-proteomics;VV=v1.0.0	NT=human;VV=v1.1.0	NT=olink;VV=v1.0.0	v1.1.0	NT=sdrf-skills-autoresearch;VV=v0.0.0
PAD000006-S049	Homo sapiens	Blood plasma	Lung adenocarcinoma	not available	not available	38	not applicable	blood plasma	PAD000006-r00038-S049	protein expression profiling by antibody array	1	VB-3207.npx.csv	ftp://ftp.pride.ebi.ac.uk/pride/data/archive/2025/11/PAD000006/VB-3207.npx.csv	Olink Target 96	NPX	Run123	Intensity	Cardiometabolic; Cardiometabolic_II; Inflammation; Inflammation_II; Neurology; Neurology_II; Oncology; Oncology_II	Olink Target 96	intensity normalized	B20707	NT=affinity-proteomics;VV=v1.0.0	NT=human;VV=v1.1.0	NT=olink;VV=v1.0.0	v1.1.0	NT=sdrf-skills-autoresearch;VV=v0.0.0
PAD000006-S011	Homo sapiens	Blood plasma	Lung adenocarcinoma	not available	not available	39	not applicable	blood plasma	PAD000006-r00039-S011	protein expression profiling by antibody array	1	VB-3207.npx.csv	ftp://ftp.pride.ebi.ac.uk/pride/data/archive/2025/11/PAD000006/VB-3207.npx.csv	Olink Target 96	NPX	Run123	Intensity	Cardiometabolic; Cardiometabolic_II; Inflammation; Inflammation_II; Neurology; Neurology_II; Oncology; Oncology_II	Olink Target 96	intensity normalized	B20707	NT=affinity-proteomics;VV=v1.0.0	NT=human;VV=v1.1.0	NT=olink;VV=v1.0.0	v1.1.0	NT=sdrf-skills-autoresearch;VV=v0.0.0
PAD000006-S085	Homo sapiens	Blood plasma	Lung adenocarcinoma	not available	not available	40	not applicable	blood plasma	PAD000006-r00040-S085	protein expression profiling by antibody array	1	VB-3207.npx.csv	ftp://ftp.pride.ebi.ac.uk/pride/data/archive/2025/11/PAD000006/VB-3207.npx.csv	Olink Target 96	NPX	Run123	Intensity	Cardiometabolic; Cardiometabolic_II; Inflammation; Inflammation_II; Neurology; Neurology_II; Oncology; Oncology_II	Olink Target 96	intensity normalized	B20707	NT=affinity-proteomics;VV=v1.0.0	NT=human;VV=v1.1.0	NT=olink;VV=v1.0.0	v1.1.0	NT=sdrf-skills-autoresearch;VV=v0.0.0
PAD000006-S059	Homo sapiens	Blood plasma	Lung adenocarcinoma	not available	not available	41	not applicable	blood plasma	PAD000006-r00041-S059	protein expression profiling by antibody array	1	VB-3207.npx.csv	ftp://ftp.pride.ebi.ac.uk/pride/data/archive/2025/11/PAD000006/VB-3207.npx.csv	Olink Target 96	NPX	Run123	Intensity	Cardiometabolic; Cardiometabolic_II; Inflammation; Inflammation_II; Neurology; Neurology_II; Oncology; Oncology_II	Olink Target 96	intensity normalized	B20707	NT=affinity-proteomics;VV=v1.0.0	NT=human;VV=v1.1.0	NT=olink;VV=v1.0.0	v1.1.0	NT=sdrf-skills-autoresearch;VV=v0.0.0
PAD000006-S069	Homo sapiens	Blood plasma	Lung adenocarcinoma	not available	not available	42	not applicable	blood plasma	PAD000006-r00042-S069	protein expression profiling by antibody array	1	VB-3207.npx.csv	ftp://ftp.pride.ebi.ac.uk/pride/data/archive/2025/11/PAD000006/VB-3207.npx.csv	Olink Target 96	NPX	Run123	Intensity	Cardiometabolic; Cardiometabolic_II; Inflammation; Inflammation_II; Neurology; Neurology_II; Oncology; Oncology_II	Olink Target 96	intensity normalized	B20707	NT=affinity-proteomics;VV=v1.0.0	NT=human;VV=v1.1.0	NT=olink;VV=v1.0.0	v1.1.0	NT=sdrf-skills-autoresearch;VV=v0.0.0
PAD000006-S092	Homo sapiens	Blood plasma	Lung adenocarcinoma	not available	not available	43	not applicable	blood plasma	PAD000006-r00043-S092	protein expression profiling by antibody array	1	VB-3207.npx.csv	ftp://ftp.pride.ebi.ac.uk/pride/data/archive/2025/11/PAD000006/VB-3207.npx.csv	Olink Target 96	NPX	Run123	Intensity	Cardiometabolic; Cardiometabolic_II; Inflammation; Inflammation_II; Neurology; Neurology_II; Oncology; Oncology_II	Olink Target 96	intensity normalized	B20707	NT=affinity-proteomics;VV=v1.0.0	NT=human;VV=v1.1.0	NT=olink;VV=v1.0.0	v1.1.0	NT=sdrf-skills-autoresearch;VV=v0.0.0
PAD000006-S110	Homo sapiens	Blood plasma	Lung adenocarcinoma	not available	not available	44	not applicable	blood plasma	PAD000006-r00044-S110	protein expression profiling by antibody array	1	VB-3207.npx.csv	ftp://ftp.pride.ebi.ac.uk/pride/data/archive/2025/11/PAD000006/VB-3207.npx.csv	Olink Target 96	NPX	Run123	Intensity	Cardiometabolic; Cardiometabolic_II; Inflammation; Inflammation_II; Neurology; Neurology_II; Oncology; Oncology_II	Olink Target 96	intensity normalized	B20707	NT=affinity-proteomics;VV=v1.0.0	NT=human;VV=v1.1.0	NT=olink;VV=v1.0.0	v1.1.0	NT=sdrf-skills-autoresearch;VV=v0.0.0
PAD000006-S112	Homo sapiens	Blood plasma	Lung adenocarcinoma	not available	not available	45	not applicable	blood plasma	PAD000006-r00045-S112	protein expression profiling by antibody array	1	VB-3207.npx.csv	ftp://ftp.pride.ebi.ac.uk/pride/data/archive/2025/11/PAD000006/VB-3207.npx.csv	Olink Target 96	NPX	Run123	Intensity	Cardiometabolic; Cardiometabolic_II; Inflammation; Inflammation_II; Neurology; Neurology_II; Oncology; Oncology_II	Olink Target 96	intensity normalized	B20707	NT=affinity-proteomics;VV=v1.0.0	NT=human;VV=v1.1.0	NT=olink;VV=v1.0.0	v1.1.0	NT=sdrf-skills-autoresearch;VV=v0.0.0
PAD000006-S082	Homo sapiens	Blood plasma	Lung adenocarcinoma	not available	not available	46	not applicable	blood plasma	PAD000006-r00046-S082	protein expression profiling by antibody array	1	VB-3207.npx.csv	ftp://ftp.pride.ebi.ac.uk/pride/data/archive/2025/11/PAD000006/VB-3207.npx.csv	Olink Target 96	NPX	Run123	Intensity	Cardiometabolic; Cardiometabolic_II; Inflammation; Inflammation_II; Neurology; Neurology_II; Oncology; Oncology_II	Olink Target 96	intensity normalized	B20707	NT=affinity-proteomics;VV=v1.0.0	NT=human;VV=v1.1.0	NT=olink;VV=v1.0.0	v1.1.0	NT=sdrf-skills-autoresearch;VV=v0.0.0
PAD000006-S061	Homo sapiens	Blood plasma	Lung adenocarcinoma	not available	not available	47	not applicable	blood plasma	PAD000006-r00047-S061	protein expression profiling by antibody array	1	VB-3207.npx.csv	ftp://ftp.pride.ebi.ac.uk/pride/data/archive/2025/11/PAD000006/VB-3207.npx.csv	Olink Target 96	NPX	Run123	Intensity	Cardiometabolic; Cardiometabolic_II; Inflammation; Inflammation_II; Neurology; Neurology_II; Oncology; Oncology_II	Olink Target 96	intensity normalized	B20707	NT=affinity-proteomics;VV=v1.0.0	NT=human;VV=v1.1.0	NT=olink;VV=v1.0.0	v1.1.0	NT=sdrf-skills-autoresearch;VV=v0.0.0
PAD000006-S006	Homo sapiens	Blood plasma	Lung adenocarcinoma	not available	not available	48	not applicable	blood plasma	PAD000006-r00048-S006	protein expression profiling by antibody array	1	VB-3207.npx.csv	ftp://ftp.pride.ebi.ac.uk/pride/data/archive/2025/11/PAD000006/VB-3207.npx.csv	Olink Target 96	NPX	Run123	Intensity	Cardiometabolic; Cardiometabolic_II; Inflammation; Inflammation_II; Neurology; Neurology_II; Oncology; Oncology_II	Olink Target 96	intensity normalized	B20707	NT=affinity-proteomics;VV=v1.0.0	NT=human;VV=v1.1.0	NT=olink;VV=v1.0.0	v1.1.0	NT=sdrf-skills-autoresearch;VV=v0.0.0
PAD000006-S102	Homo sapiens	Blood plasma	Lung adenocarcinoma	not available	not available	49	not applicable	blood plasma	PAD000006-r00049-S102	protein expression profiling by antibody array	1	VB-3207.npx.csv	ftp://ftp.pride.ebi.ac.uk/pride/data/archive/2025/11/PAD000006/VB-3207.npx.csv	Olink Target 96	NPX	Run123	Intensity	Cardiometabolic; Cardiometabolic_II; Inflammation; Inflammation_II; Neurology; Neurology_II; Oncology; Oncology_II	Olink Target 96	intensity normalized	B20707	NT=affinity-proteomics;VV=v1.0.0	NT=human;VV=v1.1.0	NT=olink;VV=v1.0.0	v1.1.0	NT=sdrf-skills-autoresearch;VV=v0.0.0
PAD000006-S034	Homo sapiens	Blood plasma	Lung adenocarcinoma	not available	not available	50	not applicable	blood plasma	PAD000006-r00050-S034	protein expression profiling by antibody array	1	VB-3207.npx.csv	ftp://ftp.pride.ebi.ac.uk/pride/data/archive/2025/11/PAD000006/VB-3207.npx.csv	Olink Target 96	NPX	Run123	Intensity	Cardiometabolic; Cardiometabolic_II; Inflammation; Inflammation_II; Neurology; Neurology_II; Oncology; Oncology_II	Olink Target 96	intensity normalized	B20707	NT=affinity-proteomics;VV=v1.0.0	NT=human;VV=v1.1.0	NT=olink;VV=v1.0.0	v1.1.0	NT=sdrf-skills-autoresearch;VV=v0.0.0
PAD000006-S088	Homo sapiens	Blood plasma	Lung adenocarcinoma	not available	not available	51	not applicable	blood plasma	PAD000006-r00051-S088	protein expression profiling by antibody array	1	VB-3207.npx.csv	ftp://ftp.pride.ebi.ac.uk/pride/data/archive/2025/11/PAD000006/VB-3207.npx.csv	Olink Target 96	NPX	Run123	Intensity	Cardiometabolic; Cardiometabolic_II; Inflammation; Inflammation_II; Neurology; Neurology_II; Oncology; Oncology_II	Olink Target 96	intensity normalized	B20707	NT=affinity-proteomics;VV=v1.0.0	NT=human;VV=v1.1.0	NT=olink;VV=v1.0.0	v1.1.0	NT=sdrf-skills-autoresearch;VV=v0.0.0
PAD000006-S093	Homo sapiens	Blood plasma	Lung adenocarcinoma	not available	not available	52	not applicable	blood plasma	PAD000006-r00052-S093	protein expression profiling by antibody array	1	VB-3207.npx.csv	ftp://ftp.pride.ebi.ac.uk/pride/data/archive/2025/11/PAD000006/VB-3207.npx.csv	Olink Target 96	NPX	Run123	Intensity	Cardiometabolic; Cardiometabolic_II; Inflammation; Inflammation_II; Neurology; Neurology_II; Oncology; Oncology_II	Olink Target 96	intensity normalized	B20707	NT=affinity-proteomics;VV=v1.0.0	NT=human;VV=v1.1.0	NT=olink;VV=v1.0.0	v1.1.0	NT=sdrf-skills-autoresearch;VV=v0.0.0
PAD000006-S079	Homo sapiens	Blood plasma	Lung adenocarcinoma	not available	not available	53	not applicable	blood plasma	PAD000006-r00053-S079	protein expression profiling by antibody array	1	VB-3207.npx.csv	ftp://ftp.pride.ebi.ac.uk/pride/data/archive/2025/11/PAD000006/VB-3207.npx.csv	Olink Target 96	NPX	Run123	Intensity	Cardiometabolic; Cardiometabolic_II; Inflammation; Inflammation_II; Neurology; Neurology_II; Oncology; Oncology_II	Olink Target 96	intensity normalized	B20707	NT=affinity-proteomics;VV=v1.0.0	NT=human;VV=v1.1.0	NT=olink;VV=v1.0.0	v1.1.0	NT=sdrf-skills-autoresearch;VV=v0.0.0
PAD000006-S111	Homo sapiens	Blood plasma	Lung adenocarcinoma	not available	not available	54	not applicable	blood plasma	PAD000006-r00054-S111	protein expression profiling by antibody array	1	VB-3207.npx.csv	ftp://ftp.pride.ebi.ac.uk/pride/data/archive/2025/11/PAD000006/VB-3207.npx.csv	Olink Target 96	NPX	Run123	Intensity	Cardiometabolic; Cardiometabolic_II; Inflammation; Inflammation_II; Neurology; Neurology_II; Oncology; Oncology_II	Olink Target 96	intensity normalized	B20707	NT=affinity-proteomics;VV=v1.0.0	NT=human;VV=v1.1.0	NT=olink;VV=v1.0.0	v1.1.0	NT=sdrf-skills-autoresearch;VV=v0.0.0
PAD000006-S062	Homo sapiens	Blood plasma	Lung adenocarcinoma	not available	not available	55	not applicable	blood plasma	PAD000006-r00055-S062	protein expression profiling by antibody array	1	VB-3207.npx.csv	ftp://ftp.pride.ebi.ac.uk/pride/data/archive/2025/11/PAD000006/VB-3207.npx.csv	Olink Target 96	NPX	Run123	Intensity	Cardiometabolic; Cardiometabolic_II; Inflammation; Inflammation_II; Neurology; Neurology_II; Oncology; Oncology_II	Olink Target 96	intensity normalized	B20707	NT=affinity-proteomics;VV=v1.0.0	NT=human;VV=v1.1.0	NT=olink;VV=v1.0.0	v1.1.0	NT=sdrf-skills-autoresearch;VV=v0.0.0
PAD000006-S055	Homo sapiens	Blood plasma	Lung adenocarcinoma	not available	not available	56	not applicable	blood plasma	PAD000006-r00056-S055	protein expression profiling by antibody array	1	VB-3207.npx.csv	ftp://ftp.pride.ebi.ac.uk/pride/data/archive/2025/11/PAD000006/VB-3207.npx.csv	Olink Target 96	NPX	Run123	Intensity	Cardiometabolic; Cardiometabolic_II; Inflammation; Inflammation_II; Neurology; Neurology_II; Oncology; Oncology_II	Olink Target 96	intensity normalized	B20707	NT=affinity-proteomics;VV=v1.0.0	NT=human;VV=v1.1.0	NT=olink;VV=v1.0.0	v1.1.0	NT=sdrf-skills-autoresearch;VV=v0.0.0
PAD000006-S012	Homo sapiens	Blood plasma	Lung adenocarcinoma	not available	not available	57	not applicable	blood plasma	PAD000006-r00057-S012	protein expression profiling by antibody array	1	VB-3207.npx.csv	ftp://ftp.pride.ebi.ac.uk/pride/data/archive/2025/11/PAD000006/VB-3207.npx.csv	Olink Target 96	NPX	Run123	Intensity	Cardiometabolic; Cardiometabolic_II; Inflammation; Inflammation_II; Neurology; Neurology_II; Oncology; Oncology_II	Olink Target 96	intensity normalized	B20707	NT=affinity-proteomics;VV=v1.0.0	NT=human;VV=v1.1.0	NT=olink;VV=v1.0.0	v1.1.0	NT=sdrf-skills-autoresearch;VV=v0.0.0
PAD000006-S103	Homo sapiens	Blood plasma	Lung adenocarcinoma	not available	not available	58	not applicable	blood plasma	PAD000006-r00058-S103	protein expression profiling by antibody array	1	VB-3207.npx.csv	ftp://ftp.pride.ebi.ac.uk/pride/data/archive/2025/11/PAD000006/VB-3207.npx.csv	Olink Target 96	NPX	Run123	Intensity	Cardiometabolic; Cardiometabolic_II; Inflammation; Inflammation_II; Neurology; Neurology_II; Oncology; Oncology_II	Olink Target 96	intensity normalized	B20707	NT=affinity-proteomics;VV=v1.0.0	NT=human;VV=v1.1.0	NT=olink;VV=v1.0.0	v1.1.0	NT=sdrf-skills-autoresearch;VV=v0.0.0
PAD000006-S043	Homo sapiens	Blood plasma	Lung adenocarcinoma	not available	not available	59	not applicable	blood plasma	PAD000006-r00059-S043	protein expression profiling by antibody array	1	VB-3207.npx.csv	ftp://ftp.pride.ebi.ac.uk/pride/data/archive/2025/11/PAD000006/VB-3207.npx.csv	Olink Target 96	NPX	Run123	Intensity	Cardiometabolic; Cardiometabolic_II; Inflammation; Inflammation_II; Neurology; Neurology_II; Oncology; Oncology_II	Olink Target 96	intensity normalized	B20707	NT=affinity-proteomics;VV=v1.0.0	NT=human;VV=v1.1.0	NT=olink;VV=v1.0.0	v1.1.0	NT=sdrf-skills-autoresearch;VV=v0.0.0
PAD000006-S022	Homo sapiens	Blood plasma	Lung adenocarcinoma	not available	not available	60	not applicable	blood plasma	PAD000006-r00060-S022	protein expression profiling by antibody array	1	VB-3207.npx.csv	ftp://ftp.pride.ebi.ac.uk/pride/data/archive/2025/11/PAD000006/VB-3207.npx.csv	Olink Target 96	NPX	Run123	Intensity	Cardiometabolic; Cardiometabolic_II; Inflammation; Inflammation_II; Neurology; Neurology_II; Oncology; Oncology_II	Olink Target 96	intensity normalized	B20707	NT=affinity-proteomics;VV=v1.0.0	NT=human;VV=v1.1.0	NT=olink;VV=v1.0.0	v1.1.0	NT=sdrf-skills-autoresearch;VV=v0.0.0
PAD000006-S038	Homo sapiens	Blood plasma	Lung adenocarcinoma	not available	not available	61	not applicable	blood plasma	PAD000006-r00061-S038	protein expression profiling by antibody array	1	VB-3207.npx.csv	ftp://ftp.pride.ebi.ac.uk/pride/data/archive/2025/11/PAD000006/VB-3207.npx.csv	Olink Target 96	NPX	Run123	Intensity	Cardiometabolic; Cardiometabolic_II; Inflammation; Inflammation_II; Neurology; Neurology_II; Oncology; Oncology_II	Olink Target 96	intensity normalized	B20707	NT=affinity-proteomics;VV=v1.0.0	NT=human;VV=v1.1.0	NT=olink;VV=v1.0.0	v1.1.0	NT=sdrf-skills-autoresearch;VV=v0.0.0
PAD000006-S044	Homo sapiens	Blood plasma	Lung adenocarcinoma	not available	not available	62	not applicable	blood plasma	PAD000006-r00062-S044	protein expression profiling by antibody array	1	VB-3207.npx.csv	ftp://ftp.pride.ebi.ac.uk/pride/data/archive/2025/11/PAD000006/VB-3207.npx.csv	Olink Target 96	NPX	Run123	Intensity	Cardiometabolic; Cardiometabolic_II; Inflammation; Inflammation_II; Neurology; Neurology_II; Oncology; Oncology_II	Olink Target 96	intensity normalized	B20707	NT=affinity-proteomics;VV=v1.0.0	NT=human;VV=v1.1.0	NT=olink;VV=v1.0.0	v1.1.0	NT=sdrf-skills-autoresearch;VV=v0.0.0
PAD000006-S078	Homo sapiens	Blood plasma	Lung adenocarcinoma	not available	not available	63	not applicable	blood plasma	PAD000006-r00063-S078	protein expression profiling by antibody array	1	VB-3207.npx.csv	ftp://ftp.pride.ebi.ac.uk/pride/data/archive/2025/11/PAD000006/VB-3207.npx.csv	Olink Target 96	NPX	Run123	Intensity	Cardiometabolic; Cardiometabolic_II; Inflammation; Inflammation_II; Neurology; Neurology_II; Oncology; Oncology_II	Olink Target 96	intensity normalized	B20707	NT=affinity-proteomics;VV=v1.0.0	NT=human;VV=v1.1.0	NT=olink;VV=v1.0.0	v1.1.0	NT=sdrf-skills-autoresearch;VV=v0.0.0
PAD000006-S033	Homo sapiens	Blood plasma	Lung adenocarcinoma	not available	not available	64	not applicable	blood plasma	PAD000006-r00064-S033	protein expression profiling by antibody array	1	VB-3207.npx.csv	ftp://ftp.pride.ebi.ac.uk/pride/data/archive/2025/11/PAD000006/VB-3207.npx.csv	Olink Target 96	NPX	Run123	Intensity	Cardiometabolic; Cardiometabolic_II; Inflammation; Inflammation_II; Neurology; Neurology_II; Oncology; Oncology_II	Olink Target 96	intensity normalized	B20707	NT=affinity-proteomics;VV=v1.0.0	NT=human;VV=v1.1.0	NT=olink;VV=v1.0.0	v1.1.0	NT=sdrf-skills-autoresearch;VV=v0.0.0
PAD000006-S003	Homo sapiens	Blood plasma	Lung adenocarcinoma	not available	not available	65	not applicable	blood plasma	PAD000006-r00065-S003	protein expression profiling by antibody array	1	VB-3207.npx.csv	ftp://ftp.pride.ebi.ac.uk/pride/data/archive/2025/11/PAD000006/VB-3207.npx.csv	Olink Target 96	NPX	Run123	Intensity	Cardiometabolic; Cardiometabolic_II; Inflammation; Inflammation_II; Neurology; Neurology_II; Oncology; Oncology_II	Olink Target 96	intensity normalized	B20707	NT=affinity-proteomics;VV=v1.0.0	NT=human;VV=v1.1.0	NT=olink;VV=v1.0.0	v1.1.0	NT=sdrf-skills-autoresearch;VV=v0.0.0
PAD000006-S052	Homo sapiens	Blood plasma	Lung adenocarcinoma	not available	not available	66	not applicable	blood plasma	PAD000006-r00066-S052	protein expression profiling by antibody array	1	VB-3207.npx.csv	ftp://ftp.pride.ebi.ac.uk/pride/data/archive/2025/11/PAD000006/VB-3207.npx.csv	Olink Target 96	NPX	Run123	Intensity	Cardiometabolic; Cardiometabolic_II; Inflammation; Inflammation_II; Neurology; Neurology_II; Oncology; Oncology_II	Olink Target 96	intensity normalized	B20707	NT=affinity-proteomics;VV=v1.0.0	NT=human;VV=v1.1.0	NT=olink;VV=v1.0.0	v1.1.0	NT=sdrf-skills-autoresearch;VV=v0.0.0
PAD000006-S089	Homo sapiens	Blood plasma	Lung adenocarcinoma	not available	not available	67	not applicable	blood plasma	PAD000006-r00067-S089	protein expression profiling by antibody array	1	VB-3207.npx.csv	ftp://ftp.pride.ebi.ac.uk/pride/data/archive/2025/11/PAD000006/VB-3207.npx.csv	Olink Target 96	NPX	Run123	Intensity	Cardiometabolic; Cardiometabolic_II; Inflammation; Inflammation_II; Neurology; Neurology_II; Oncology; Oncology_II	Olink Target 96	intensity normalized	B20707	NT=affinity-proteomics;VV=v1.0.0	NT=human;VV=v1.1.0	NT=olink;VV=v1.0.0	v1.1.0	NT=sdrf-skills-autoresearch;VV=v0.0.0
PAD000006-S086	Homo sapiens	Blood plasma	Lung adenocarcinoma	not available	not available	68	not applicable	blood plasma	PAD000006-r00068-S086	protein expression profiling by antibody array	1	VB-3207.npx.csv	ftp://ftp.pride.ebi.ac.uk/pride/data/archive/2025/11/PAD000006/VB-3207.npx.csv	Olink Target 96	NPX	Run123	Intensity	Cardiometabolic; Cardiometabolic_II; Inflammation; Inflammation_II; Neurology; Neurology_II; Oncology; Oncology_II	Olink Target 96	intensity normalized	B20707	NT=affinity-proteomics;VV=v1.0.0	NT=human;VV=v1.1.0	NT=olink;VV=v1.0.0	v1.1.0	NT=sdrf-skills-autoresearch;VV=v0.0.0
PAD000006-S009	Homo sapiens	Blood plasma	Lung adenocarcinoma	not available	not available	69	not applicable	blood plasma	PAD000006-r00069-S009	protein expression profiling by antibody array	1	VB-3207.npx.csv	ftp://ftp.pride.ebi.ac.uk/pride/data/archive/2025/11/PAD000006/VB-3207.npx.csv	Olink Target 96	NPX	Run123	Intensity	Cardiometabolic; Cardiometabolic_II; Inflammation; Inflammation_II; Neurology; Neurology_II; Oncology; Oncology_II	Olink Target 96	intensity normalized	B20707	NT=affinity-proteomics;VV=v1.0.0	NT=human;VV=v1.1.0	NT=olink;VV=v1.0.0	v1.1.0	NT=sdrf-skills-autoresearch;VV=v0.0.0
PAD000006-S076	Homo sapiens	Blood plasma	Lung adenocarcinoma	not available	not available	70	not applicable	blood plasma	PAD000006-r00070-S076	protein expression profiling by antibody array	1	VB-3207.npx.csv	ftp://ftp.pride.ebi.ac.uk/pride/data/archive/2025/11/PAD000006/VB-3207.npx.csv	Olink Target 96	NPX	Run123	Intensity	Cardiometabolic; Cardiometabolic_II; Inflammation; Inflammation_II; Neurology; Neurology_II; Oncology; Oncology_II	Olink Target 96	intensity normalized	B20707	NT=affinity-proteomics;VV=v1.0.0	NT=human;VV=v1.1.0	NT=olink;VV=v1.0.0	v1.1.0	NT=sdrf-skills-autoresearch;VV=v0.0.0
PAD000006-S013	Homo sapiens	Blood plasma	Lung adenocarcinoma	not available	not available	71	not applicable	blood plasma	PAD000006-r00071-S013	protein expression profiling by antibody array	1	VB-3207.npx.csv	ftp://ftp.pride.ebi.ac.uk/pride/data/archive/2025/11/PAD000006/VB-3207.npx.csv	Olink Target 96	NPX	Run123	Intensity	Cardiometabolic; Cardiometabolic_II; Inflammation; Inflammation_II; Neurology; Neurology_II; Oncology; Oncology_II	Olink Target 96	intensity normalized	B20707	NT=affinity-proteomics;VV=v1.0.0	NT=human;VV=v1.1.0	NT=olink;VV=v1.0.0	v1.1.0	NT=sdrf-skills-autoresearch;VV=v0.0.0
PAD000006-S031	Homo sapiens	Blood plasma	Lung adenocarcinoma	not available	not available	72	not applicable	blood plasma	PAD000006-r00072-S031	protein expression profiling by antibody array	1	VB-3207.npx.csv	ftp://ftp.pride.ebi.ac.uk/pride/data/archive/2025/11/PAD000006/VB-3207.npx.csv	Olink Target 96	NPX	Run123	Intensity	Cardiometabolic; Cardiometabolic_II; Inflammation; Inflammation_II; Neurology; Neurology_II; Oncology; Oncology_II	Olink Target 96	intensity normalized	B20707	NT=affinity-proteomics;VV=v1.0.0	NT=human;VV=v1.1.0	NT=olink;VV=v1.0.0	v1.1.0	NT=sdrf-skills-autoresearch;VV=v0.0.0
PAD000006-S041	Homo sapiens	Blood plasma	Lung adenocarcinoma	not available	not available	73	not applicable	blood plasma	PAD000006-r00073-S041	protein expression profiling by antibody array	1	VB-3207.npx.csv	ftp://ftp.pride.ebi.ac.uk/pride/data/archive/2025/11/PAD000006/VB-3207.npx.csv	Olink Target 96	NPX	Run123	Intensity	Cardiometabolic; Cardiometabolic_II; Inflammation; Inflammation_II; Neurology; Neurology_II; Oncology; Oncology_II	Olink Target 96	intensity normalized	B20707	NT=affinity-proteomics;VV=v1.0.0	NT=human;VV=v1.1.0	NT=olink;VV=v1.0.0	v1.1.0	NT=sdrf-skills-autoresearch;VV=v0.0.0
PAD000006-S005	Homo sapiens	Blood plasma	Lung adenocarcinoma	not available	not available	74	not applicable	blood plasma	PAD000006-r00074-S005	protein expression profiling by antibody array	1	VB-3207.npx.csv	ftp://ftp.pride.ebi.ac.uk/pride/data/archive/2025/11/PAD000006/VB-3207.npx.csv	Olink Target 96	NPX	Run123	Intensity	Cardiometabolic; Cardiometabolic_II; Inflammation; Inflammation_II; Neurology; Neurology_II; Oncology; Oncology_II	Olink Target 96	intensity normalized	B20707	NT=affinity-proteomics;VV=v1.0.0	NT=human;VV=v1.1.0	NT=olink;VV=v1.0.0	v1.1.0	NT=sdrf-skills-autoresearch;VV=v0.0.0
PAD000006-S054	Homo sapiens	Blood plasma	Lung adenocarcinoma	not available	not available	75	not applicable	blood plasma	PAD000006-r00075-S054	protein expression profiling by antibody array	1	VB-3207.npx.csv	ftp://ftp.pride.ebi.ac.uk/pride/data/archive/2025/11/PAD000006/VB-3207.npx.csv	Olink Target 96	NPX	Run123	Intensity	Cardiometabolic; Cardiometabolic_II; Inflammation; Inflammation_II; Neurology; Neurology_II; Oncology; Oncology_II	Olink Target 96	intensity normalized	B20707	NT=affinity-proteomics;VV=v1.0.0	NT=human;VV=v1.1.0	NT=olink;VV=v1.0.0	v1.1.0	NT=sdrf-skills-autoresearch;VV=v0.0.0
PAD000006-S075	Homo sapiens	Blood plasma	Lung adenocarcinoma	not available	not available	76	not applicable	blood plasma	PAD000006-r00076-S075	protein expression profiling by antibody array	1	VB-3207.npx.csv	ftp://ftp.pride.ebi.ac.uk/pride/data/archive/2025/11/PAD000006/VB-3207.npx.csv	Olink Target 96	NPX	Run123	Intensity	Cardiometabolic; Cardiometabolic_II; Inflammation; Inflammation_II; Neurology; Neurology_II; Oncology; Oncology_II	Olink Target 96	intensity normalized	B20707	NT=affinity-proteomics;VV=v1.0.0	NT=human;VV=v1.1.0	NT=olink;VV=v1.0.0	v1.1.0	NT=sdrf-skills-autoresearch;VV=v0.0.0
PAD000006-S106	Homo sapiens	Blood plasma	Lung adenocarcinoma	not available	not available	77	not applicable	blood plasma	PAD000006-r00077-S106	protein expression profiling by antibody array	1	VB-3207.npx.csv	ftp://ftp.pride.ebi.ac.uk/pride/data/archive/2025/11/PAD000006/VB-3207.npx.csv	Olink Target 96	NPX	Run123	Intensity	Cardiometabolic; Cardiometabolic_II; Inflammation; Inflammation_II; Neurology; Neurology_II; Oncology; Oncology_II	Olink Target 96	intensity normalized	B20707	NT=affinity-proteomics;VV=v1.0.0	NT=human;VV=v1.1.0	NT=olink;VV=v1.0.0	v1.1.0	NT=sdrf-skills-autoresearch;VV=v0.0.0
PAD000006-S046	Homo sapiens	Blood plasma	Lung adenocarcinoma	not available	not available	78	not applicable	blood plasma	PAD000006-r00078-S046	protein expression profiling by antibody array	1	VB-3207.npx.csv	ftp://ftp.pride.ebi.ac.uk/pride/data/archive/2025/11/PAD000006/VB-3207.npx.csv	Olink Target 96	NPX	Run123	Intensity	Cardiometabolic; Cardiometabolic_II; Inflammation; Inflammation_II; Neurology; Neurology_II; Oncology; Oncology_II	Olink Target 96	intensity normalized	B20707	NT=affinity-proteomics;VV=v1.0.0	NT=human;VV=v1.1.0	NT=olink;VV=v1.0.0	v1.1.0	NT=sdrf-skills-autoresearch;VV=v0.0.0
PAD000006-S113	Homo sapiens	Blood plasma	Lung adenocarcinoma	not available	not available	79	not applicable	blood plasma	PAD000006-r00079-S113	protein expression profiling by antibody array	1	VB-3207.npx.csv	ftp://ftp.pride.ebi.ac.uk/pride/data/archive/2025/11/PAD000006/VB-3207.npx.csv	Olink Target 96	NPX	Run123	Intensity	Cardiometabolic; Cardiometabolic_II; Inflammation; Inflammation_II; Neurology; Neurology_II; Oncology; Oncology_II	Olink Target 96	intensity normalized	B20707	NT=affinity-proteomics;VV=v1.0.0	NT=human;VV=v1.1.0	NT=olink;VV=v1.0.0	v1.1.0	NT=sdrf-skills-autoresearch;VV=v0.0.0
PAD000006-S087	Homo sapiens	Blood plasma	Lung adenocarcinoma	not available	not available	80	not applicable	blood plasma	PAD000006-r00080-S087	protein expression profiling by antibody array	1	VB-3207.npx.csv	ftp://ftp.pride.ebi.ac.uk/pride/data/archive/2025/11/PAD000006/VB-3207.npx.csv	Olink Target 96	NPX	Run123	Intensity	Cardiometabolic; Cardiometabolic_II; Inflammation; Inflammation_II; Neurology; Neurology_II; Oncology; Oncology_II	Olink Target 96	intensity normalized	B20707	NT=affinity-proteomics;VV=v1.0.0	NT=human;VV=v1.1.0	NT=olink;VV=v1.0.0	v1.1.0	NT=sdrf-skills-autoresearch;VV=v0.0.0
PAD000006-S064	Homo sapiens	Blood plasma	Lung adenocarcinoma	not available	not available	81	not applicable	blood plasma	PAD000006-r00081-S064	protein expression profiling by antibody array	1	VB-3207.npx.csv	ftp://ftp.pride.ebi.ac.uk/pride/data/archive/2025/11/PAD000006/VB-3207.npx.csv	Olink Target 96	NPX	Run123	Intensity	Cardiometabolic; Cardiometabolic_II; Inflammation; Inflammation_II; Neurology; Neurology_II; Oncology; Oncology_II	Olink Target 96	intensity normalized	B20707	NT=affinity-proteomics;VV=v1.0.0	NT=human;VV=v1.1.0	NT=olink;VV=v1.0.0	v1.1.0	NT=sdrf-skills-autoresearch;VV=v0.0.0
PAD000006-S058	Homo sapiens	Blood plasma	Lung adenocarcinoma	not available	not available	82	not applicable	blood plasma	PAD000006-r00082-S058	protein expression profiling by antibody array	1	VB-3207.npx.csv	ftp://ftp.pride.ebi.ac.uk/pride/data/archive/2025/11/PAD000006/VB-3207.npx.csv	Olink Target 96	NPX	Run123	Intensity	Cardiometabolic; Cardiometabolic_II; Inflammation; Inflammation_II; Neurology; Neurology_II; Oncology; Oncology_II	Olink Target 96	intensity normalized	B20707	NT=affinity-proteomics;VV=v1.0.0	NT=human;VV=v1.1.0	NT=olink;VV=v1.0.0	v1.1.0	NT=sdrf-skills-autoresearch;VV=v0.0.0
PAD000006-S016	Homo sapiens	Blood plasma	Lung adenocarcinoma	not available	not available	83	not applicable	blood plasma	PAD000006-r00083-S016	protein expression profiling by antibody array	1	VB-3207.npx.csv	ftp://ftp.pride.ebi.ac.uk/pride/data/archive/2025/11/PAD000006/VB-3207.npx.csv	Olink Target 96	NPX	Run123	Intensity	Cardiometabolic; Cardiometabolic_II; Inflammation; Inflammation_II; Neurology; Neurology_II; Oncology; Oncology_II	Olink Target 96	intensity normalized	B20707	NT=affinity-proteomics;VV=v1.0.0	NT=human;VV=v1.1.0	NT=olink;VV=v1.0.0	v1.1.0	NT=sdrf-skills-autoresearch;VV=v0.0.0
PAD000006-S098	Homo sapiens	Blood plasma	Lung adenocarcinoma	not available	not available	84	not applicable	blood plasma	PAD000006-r00084-S098	protein expression profiling by antibody array	1	VB-3207.npx.csv	ftp://ftp.pride.ebi.ac.uk/pride/data/archive/2025/11/PAD000006/VB-3207.npx.csv	Olink Target 96	NPX	Run123	Intensity	Cardiometabolic; Cardiometabolic_II; Inflammation; Inflammation_II; Neurology; Neurology_II; Oncology; Oncology_II	Olink Target 96	intensity normalized	B20707	NT=affinity-proteomics;VV=v1.0.0	NT=human;VV=v1.1.0	NT=olink;VV=v1.0.0	v1.1.0	NT=sdrf-skills-autoresearch;VV=v0.0.0
PAD000006-S104	Homo sapiens	Blood plasma	Lung adenocarcinoma	not available	not available	85	not applicable	blood plasma	PAD000006-r00085-S104	protein expression profiling by antibody array	1	VB-3207.npx.csv	ftp://ftp.pride.ebi.ac.uk/pride/data/archive/2025/11/PAD000006/VB-3207.npx.csv	Olink Target 96	NPX	Run123	Intensity	Cardiometabolic; Cardiometabolic_II; Inflammation; Inflammation_II; Neurology; Neurology_II; Oncology; Oncology_II	Olink Target 96	intensity normalized	B20707	NT=affinity-proteomics;VV=v1.0.0	NT=human;VV=v1.1.0	NT=olink;VV=v1.0.0	v1.1.0	NT=sdrf-skills-autoresearch;VV=v0.0.0
PAD000006-S001	Homo sapiens	Blood plasma	Lung adenocarcinoma	not available	not available	86	not applicable	blood plasma	PAD000006-r00086-S001	protein expression profiling by antibody array	1	VB-3207.npx.csv	ftp://ftp.pride.ebi.ac.uk/pride/data/archive/2025/11/PAD000006/VB-3207.npx.csv	Olink Target 96	NPX	Run123	Intensity	Cardiometabolic; Cardiometabolic_II; Inflammation; Inflammation_II; Neurology; Neurology_II; Oncology; Oncology_II	Olink Target 96	intensity normalized	B20707	NT=affinity-proteomics;VV=v1.0.0	NT=human;VV=v1.1.0	NT=olink;VV=v1.0.0	v1.1.0	NT=sdrf-skills-autoresearch;VV=v0.0.0
PAD000006-S077	Homo sapiens	Blood plasma	Lung adenocarcinoma	not available	not available	87	not applicable	blood plasma	PAD000006-r00087-S077	protein expression profiling by antibody array	1	VB-3207.npx.csv	ftp://ftp.pride.ebi.ac.uk/pride/data/archive/2025/11/PAD000006/VB-3207.npx.csv	Olink Target 96	NPX	Run123	Intensity	Cardiometabolic; Cardiometabolic_II; Inflammation; Inflammation_II; Neurology; Neurology_II; Oncology; Oncology_II	Olink Target 96	intensity normalized	B20707	NT=affinity-proteomics;VV=v1.0.0	NT=human;VV=v1.1.0	NT=olink;VV=v1.0.0	v1.1.0	NT=sdrf-skills-autoresearch;VV=v0.0.0
PAD000006-S065	Homo sapiens	Blood plasma	Lung adenocarcinoma	not available	not available	88	not applicable	blood plasma	PAD000006-r00088-S065	protein expression profiling by antibody array	1	VB-3207.npx.csv	ftp://ftp.pride.ebi.ac.uk/pride/data/archive/2025/11/PAD000006/VB-3207.npx.csv	Olink Target 96	NPX	Run123	Intensity	Cardiometabolic; Cardiometabolic_II; Inflammation; Inflammation_II; Neurology; Neurology_II; Oncology; Oncology_II	Olink Target 96	intensity normalized	B20707	NT=affinity-proteomics;VV=v1.0.0	NT=human;VV=v1.1.0	NT=olink;VV=v1.0.0	v1.1.0	NT=sdrf-skills-autoresearch;VV=v0.0.0
PAD000006-S073	Homo sapiens	Blood plasma	Lung adenocarcinoma	not available	not available	89	not applicable	blood plasma	PAD000006-r00089-S073	protein expression profiling by antibody array	1	VB-3207.npx.csv	ftp://ftp.pride.ebi.ac.uk/pride/data/archive/2025/11/PAD000006/VB-3207.npx.csv	Olink Target 96	NPX	Run123	Intensity	Cardiometabolic; Cardiometabolic_II; Inflammation; Inflammation_II; Neurology; Neurology_II; Oncology; Oncology_II	Olink Target 96	intensity normalized	B20707	NT=affinity-proteomics;VV=v1.0.0	NT=human;VV=v1.1.0	NT=olink;VV=v1.0.0	v1.1.0	NT=sdrf-skills-autoresearch;VV=v0.0.0
PAD000006-S097	Homo sapiens	Blood plasma	Lung adenocarcinoma	not available	not available	90	not applicable	blood plasma	PAD000006-r00090-S097	protein expression profiling by antibody array	1	VB-3207.npx.csv	ftp://ftp.pride.ebi.ac.uk/pride/data/archive/2025/11/PAD000006/VB-3207.npx.csv	Olink Target 96	NPX	Run123	Intensity	Cardiometabolic; Cardiometabolic_II; Inflammation; Inflammation_II; Neurology; Neurology_II; Oncology; Oncology_II	Olink Target 96	intensity normalized	B20707	NT=affinity-proteomics;VV=v1.0.0	NT=human;VV=v1.1.0	NT=olink;VV=v1.0.0	v1.1.0	NT=sdrf-skills-autoresearch;VV=v0.0.0
PAD000006-Control_1_Run122	Homo sapiens	Blood plasma	Lung adenocarcinoma	not available	not available	91	not applicable	blood plasma	PAD000006-r00091-Control_1_Run122	protein expression profiling by antibody array	1	VB-3207.npx.csv	ftp://ftp.pride.ebi.ac.uk/pride/data/archive/2025/11/PAD000006/VB-3207.npx.csv	Olink Target 96	NPX	Run122	Intensity	Cardiometabolic; Inflammation; Neurology; Oncology	Olink Target 96	intensity normalized	B04413	NT=affinity-proteomics;VV=v1.0.0	NT=human;VV=v1.1.0	NT=olink;VV=v1.0.0	v1.1.0	NT=sdrf-skills-autoresearch;VV=v0.0.0
PAD000006-Control_2_Run122	Homo sapiens	Blood plasma	Lung adenocarcinoma	not available	not available	92	not applicable	blood plasma	PAD000006-r00092-Control_2_Run122	protein expression profiling by antibody array	1	VB-3207.npx.csv	ftp://ftp.pride.ebi.ac.uk/pride/data/archive/2025/11/PAD000006/VB-3207.npx.csv	Olink Target 96	NPX	Run122	Intensity	Cardiometabolic; Neurology	Olink Target 96	intensity normalized	B04413	NT=affinity-proteomics;VV=v1.0.0	NT=human;VV=v1.1.0	NT=olink;VV=v1.0.0	v1.1.0	NT=sdrf-skills-autoresearch;VV=v0.0.0
